Month,Packing band,Monofilament,Rope,Flasher,Unknown,Scar,None
1,0,0,0,0,1,0,0
2,0,0,0,0,0,0,1
3,0,0,0,0,0,0,1
4,0,0,0,0,0,0,1
5,0.428571429,0,0,0,0.285714286,0.285714286,0
6,0.333333333,0,0,0.033333333,0.5,0.133333333,0
7,0.2,0.1,0.2,0.1,0.4,0,0
8,0.307692308,0,0,0,0.538461538,0.153846154,0
9,0.186046512,0.069767442,0.069767442,0.023255814,0.488372093,0.162790698,0
10,0.15625,0,0,0,0.5,0.34375,0
11,0.222222222,0.222222222,0,0,0.222222222,0.333333333,0
12,0,0,0,0,0,0,1
